Job Title,Company,Location,URL
Senior Python Developer,"Payne, Roberts And Davis","Stewartbury, Aa",https://realpython.github.io/fake-jobs/jobs/senior-python-developer-0.html
Energy Engineer,Vasquez-Davidson,"Christopherville, Aa",https://realpython.github.io/fake-jobs/jobs/energy-engineer-1.html
Legal Executive,"Jackson, Chambers And Levy","Port Ericaburgh, Aa",https://realpython.github.io/fake-jobs/jobs/legal-executive-2.html
Fitness Centre Manager,Savage-Bradley,"East Seanview, Ap",https://realpython.github.io/fake-jobs/jobs/fitness-centre-manager-3.html
Product Manager,Ramirez Inc,"North Jamieview, Ap",https://realpython.github.io/fake-jobs/jobs/product-manager-4.html
Medical Technical Officer,Rogers-Yates,"Davidville, Ap",https://realpython.github.io/fake-jobs/jobs/medical-technical-officer-5.html
Physiological Scientist,Kramer-Klein,"South Christopher, Ae",https://realpython.github.io/fake-jobs/jobs/physiological-scientist-6.html
Textile Designer,Meyers-Johnson,"Port Jonathan, Ae",https://realpython.github.io/fake-jobs/jobs/textile-designer-7.html
Television Floor Manager,Hughes-Williams,"Osbornetown, Ae",https://realpython.github.io/fake-jobs/jobs/television-floor-manager-8.html
Waste Management Officer,"Jones, Williams And Villa","Scotttown, Ap",https://realpython.github.io/fake-jobs/jobs/waste-management-officer-9.html
Software Engineer (Python),Garcia Plc,"Ericberg, Ae",https://realpython.github.io/fake-jobs/jobs/software-engineer-python-10.html
Interpreter,Gregory And Sons,"Ramireztown, Ae",https://realpython.github.io/fake-jobs/jobs/interpreter-11.html
Architect,"Clark, Garcia And Sosa","Figueroaview, Aa",https://realpython.github.io/fake-jobs/jobs/architect-12.html
Meteorologist,Bush Plc,"Kelseystad, Aa",https://realpython.github.io/fake-jobs/jobs/meteorologist-13.html
Audiological Scientist,Salazar-Meyers,"Williamsburgh, Ae",https://realpython.github.io/fake-jobs/jobs/audiological-scientist-14.html
English As A Second Language Teacher,"Parker, Murphy And Brooks","Mitchellburgh, Ae",https://realpython.github.io/fake-jobs/jobs/english-as-a-second-language-teacher-15.html
Surgeon,Cruz-Brown,"West Jessicabury, Aa",https://realpython.github.io/fake-jobs/jobs/surgeon-16.html
Equities Trader,Macdonald-Ferguson,"Maloneshire, Ae",https://realpython.github.io/fake-jobs/jobs/equities-trader-17.html
Newspaper Journalist,"Williams, Peterson And Rojas","Johnsonton, Aa",https://realpython.github.io/fake-jobs/jobs/newspaper-journalist-18.html
Materials Engineer,Smith And Sons,"South Davidtown, Ap",https://realpython.github.io/fake-jobs/jobs/materials-engineer-19.html
Python Programmer (Entry-Level),"Moss, Duncan And Allen","Port Sara, Ae",https://realpython.github.io/fake-jobs/jobs/python-programmer-entry-level-20.html
Product/Process Development Scientist,Gomez-Carroll,"Marktown, Aa",https://realpython.github.io/fake-jobs/jobs/product-process-development-scientist-21.html
"Scientist, Research (Maths)","Manning, Welch And Herring","Laurenland, Ae",https://realpython.github.io/fake-jobs/jobs/scientist-research-maths-22.html
Ecologist,"Lee, Gutierrez And Brown","Lauraton, Ap",https://realpython.github.io/fake-jobs/jobs/ecologist-23.html
Materials Engineer,"Davis, Serrano And Cook","South Tammyberg, Ap",https://realpython.github.io/fake-jobs/jobs/materials-engineer-24.html
Historic Buildings Inspector/Conservation Officer,Smith Llc,"North Brandonville, Ap",https://realpython.github.io/fake-jobs/jobs/historic-buildings-inspector-conservation-officer-25.html
Data Scientist,Thomas Group,"Port Robertfurt, Aa",https://realpython.github.io/fake-jobs/jobs/data-scientist-26.html
Psychiatrist,Silva-King,"Burnettbury, Ae",https://realpython.github.io/fake-jobs/jobs/psychiatrist-27.html
Structural Engineer,Pierce-Long,"Herbertside, Aa",https://realpython.github.io/fake-jobs/jobs/structural-engineer-28.html
Immigration Officer,Walker-Simpson,"Christopherport, Ap",https://realpython.github.io/fake-jobs/jobs/immigration-officer-29.html
Python Programmer (Entry-Level),Cooper And Sons,"West Victor, Ae",https://realpython.github.io/fake-jobs/jobs/python-programmer-entry-level-30.html
Neurosurgeon,"Donovan, Gonzalez And Figueroa","Port Aaron, Ap",https://realpython.github.io/fake-jobs/jobs/neurosurgeon-31.html
Broadcast Engineer,"Morgan, Butler And Bennett","Loribury, Aa",https://realpython.github.io/fake-jobs/jobs/broadcast-engineer-32.html
Make,Snyder-Lee,"Angelastad, Ap",https://realpython.github.io/fake-jobs/jobs/make-33.html
"Nurse, Adult",Harris Plc,"Larrytown, Ae",https://realpython.github.io/fake-jobs/jobs/nurse-adult-34.html
Air Broker,Washington Plc,"West Colin, Ap",https://realpython.github.io/fake-jobs/jobs/air-broker-35.html
"Editor, Film/Video","Brown, Price And Campbell","West Stephanie, Ap",https://realpython.github.io/fake-jobs/jobs/editor-film-video-36.html
"Production Assistant, Radio",Mcgee Plc,"Laurentown, Ap",https://realpython.github.io/fake-jobs/jobs/production-assistant-radio-37.html
"Engineer, Communications",Dixon Inc,"Wrightberg, Ap",https://realpython.github.io/fake-jobs/jobs/engineer-communications-38.html
Sales Executive,"Thompson, Sheppard And Ward","Alberttown, Ae",https://realpython.github.io/fake-jobs/jobs/sales-executive-39.html
Software Developer (Python),Adams-Brewer,"Brockburgh, Ae",https://realpython.github.io/fake-jobs/jobs/software-developer-python-40.html
Futures Trader,Schneider-Brady,"North Jason, Ae",https://realpython.github.io/fake-jobs/jobs/futures-trader-41.html
Tour Manager,Gonzales-Frank,"Arnoldhaven, Ae",https://realpython.github.io/fake-jobs/jobs/tour-manager-42.html
Cytogeneticist,Smith-Wong,"Lake Destiny, Ap",https://realpython.github.io/fake-jobs/jobs/cytogeneticist-43.html
"Designer, Multimedia",Pierce-Herrera,"South Timothyburgh, Ap",https://realpython.github.io/fake-jobs/jobs/designer-multimedia-44.html
Trade Union Research Officer,"Aguilar, Rivera And Quinn","New Jimmyton, Ae",https://realpython.github.io/fake-jobs/jobs/trade-union-research-officer-45.html
"Chemist, Analytical","Lowe, Barnes And Thomas","New Lucasbury, Ap",https://realpython.github.io/fake-jobs/jobs/chemist-analytical-46.html
"Programmer, Multimedia","Lewis, Gonzalez And Vasquez","Port Cory, Ae",https://realpython.github.io/fake-jobs/jobs/programmer-multimedia-47.html
"Engineer, Broadcasting (Operations)",Taylor Plc,"Gileston, Aa",https://realpython.github.io/fake-jobs/jobs/engineer-broadcasting-operations-48.html
"Teacher, Primary School","Oliver, Jones And Ramirez","Cindyshire, Aa",https://realpython.github.io/fake-jobs/jobs/teacher-primary-school-49.html
Python Developer,Rivera And Sons,"East Michaelfort, Aa",https://realpython.github.io/fake-jobs/jobs/python-developer-50.html
Manufacturing Systems Engineer,Garcia Plc,"Joybury, Ae",https://realpython.github.io/fake-jobs/jobs/manufacturing-systems-engineer-51.html
"Producer, Television/Film/Video","Johnson, Wells And Kramer","Emmatown, Ae",https://realpython.github.io/fake-jobs/jobs/producer-television-film-video-52.html
"Scientist, Forensic",Gonzalez Llc,"Colehaven, Ap",https://realpython.github.io/fake-jobs/jobs/scientist-forensic-53.html
Bonds Trader,"Morgan, White And Macdonald","Port Coryton, Ae",https://realpython.github.io/fake-jobs/jobs/bonds-trader-54.html
Editorial Assistant,Robinson-Fitzpatrick,"Amyborough, Aa",https://realpython.github.io/fake-jobs/jobs/editorial-assistant-55.html
Photographer,"Waters, Wilson And Hoover","Reynoldsville, Aa",https://realpython.github.io/fake-jobs/jobs/photographer-56.html
Retail Banker,Hill Llc,"Port Billy, Ap",https://realpython.github.io/fake-jobs/jobs/retail-banker-57.html
Jewellery Designer,Li-Gregory,"Adamburgh, Aa",https://realpython.github.io/fake-jobs/jobs/jewellery-designer-58.html
Ophthalmologist,"Fisher, Ryan And Coleman","Wilsonmouth, Aa",https://realpython.github.io/fake-jobs/jobs/ophthalmologist-59.html
"Back-End Web Developer (Python, Django)",Stewart-Alexander,"South Kimberly, Aa",https://realpython.github.io/fake-jobs/jobs/back-end-web-developer-python-django-60.html
Licensed Conveyancer,Abbott And Sons,"Benjaminland, Ap",https://realpython.github.io/fake-jobs/jobs/licensed-conveyancer-61.html
Futures Trader,"Bryant, Santana And Davenport","Zacharyport, Aa",https://realpython.github.io/fake-jobs/jobs/futures-trader-62.html
Counselling Psychologist,Smith Plc,"Port Devonville, Ae",https://realpython.github.io/fake-jobs/jobs/counselling-psychologist-63.html
Insurance Underwriter,Patterson-Singh,"East Thomas, Ae",https://realpython.github.io/fake-jobs/jobs/insurance-underwriter-64.html
"Engineer, Automotive",Martinez-Berry,"New Jeffrey, Ap",https://realpython.github.io/fake-jobs/jobs/engineer-automotive-65.html
"Producer, Radio","May, Taylor And Fisher","Davidside, Aa",https://realpython.github.io/fake-jobs/jobs/producer-radio-66.html
Dispensing Optician,"Bailey, Owen And Thompson","Jamesville, Aa",https://realpython.github.io/fake-jobs/jobs/dispensing-optician-67.html
"Designer, Fashion/Clothing",Vasquez Ltd,"New Kelly, Ap",https://realpython.github.io/fake-jobs/jobs/designer-fashion-clothing-68.html
Chartered Loss Adjuster,Leblanc Llc,"Lake Antonio, Aa",https://realpython.github.io/fake-jobs/jobs/chartered-loss-adjuster-69.html
"Back-End Web Developer (Python, Django)","Jackson, Ali And Mckee","New Elizabethside, Aa",https://realpython.github.io/fake-jobs/jobs/back-end-web-developer-python-django-70.html
Forest/Woodland Manager,"Blankenship, Knight And Powell","Millsbury, Ae",https://realpython.github.io/fake-jobs/jobs/forest-woodland-manager-71.html
Clinical Cytogeneticist,"Patton, Haynes And Jones","Lloydton, Ap",https://realpython.github.io/fake-jobs/jobs/clinical-cytogeneticist-72.html
Print Production Planner,Wood Inc,"Port Jeremy, Aa",https://realpython.github.io/fake-jobs/jobs/print-production-planner-73.html
Systems Developer,Collins Group,"New Elizabethtown, Aa",https://realpython.github.io/fake-jobs/jobs/systems-developer-74.html
Graphic Designer,Flores-Nelson,"Charlesstad, Ae",https://realpython.github.io/fake-jobs/jobs/graphic-designer-75.html
Writer,"Mitchell, Jones And Olson","Josephbury, Ae",https://realpython.github.io/fake-jobs/jobs/writer-76.html
Field Seismologist,Howard Group,"Seanfurt, Aa",https://realpython.github.io/fake-jobs/jobs/field-seismologist-77.html
Chief Strategy Officer,Kramer-Edwards,"Williambury, Aa",https://realpython.github.io/fake-jobs/jobs/chief-strategy-officer-78.html
Air Cabin Crew,Berry-Houston,"South Jorgeside, Ap",https://realpython.github.io/fake-jobs/jobs/air-cabin-crew-79.html
Python Programmer (Entry-Level),Mathews Inc,"Robertborough, Ap",https://realpython.github.io/fake-jobs/jobs/python-programmer-entry-level-80.html
Warden/Ranger,Riley-Johnson,"South Saratown, Ap",https://realpython.github.io/fake-jobs/jobs/warden-ranger-81.html
Sports Therapist,Spencer And Sons,"Hullview, Aa",https://realpython.github.io/fake-jobs/jobs/sports-therapist-82.html
Arts Development Officer,Camacho-Sanchez,"Philipland, Ap",https://realpython.github.io/fake-jobs/jobs/arts-development-officer-83.html
Printmaker,Oliver And Sons,"North Patty, Ae",https://realpython.github.io/fake-jobs/jobs/printmaker-84.html
Health And Safety Adviser,Eaton Plc,"North Stephen, Ae",https://realpython.github.io/fake-jobs/jobs/health-and-safety-adviser-85.html
Manufacturing Systems Engineer,Stanley-Frederick,"Stevensland, Ap",https://realpython.github.io/fake-jobs/jobs/manufacturing-systems-engineer-86.html
"Programmer, Applications",Bradley Llc,"Reyesstad, Ae",https://realpython.github.io/fake-jobs/jobs/programmer-applications-87.html
Medical Physicist,"Parker, Goodwin And Zavala","Bellberg, Ap",https://realpython.github.io/fake-jobs/jobs/medical-physicist-88.html
Media Planner,Kim-Miles,"North Johnland, Ae",https://realpython.github.io/fake-jobs/jobs/media-planner-89.html
Software Developer (Python),Moreno-Rodriguez,"Martinezburgh, Ae",https://realpython.github.io/fake-jobs/jobs/software-developer-python-90.html
"Surveyor, Land/Geomatics",Brown-Ortiz,"Joshuatown, Ae",https://realpython.github.io/fake-jobs/jobs/surveyor-land-geomatics-91.html
Legal Executive,Hartman Plc,"West Ericstad, Aa",https://realpython.github.io/fake-jobs/jobs/legal-executive-92.html
"Librarian, Academic",Brooks Inc,"Tuckertown, Ae",https://realpython.github.io/fake-jobs/jobs/librarian-academic-93.html
Barrister,Washington-Castillo,"Perezton, Ae",https://realpython.github.io/fake-jobs/jobs/barrister-94.html
Museum/Gallery Exhibitions Officer,"Nguyen, Yoder And Petty","Lake Abigail, Ae",https://realpython.github.io/fake-jobs/jobs/museum-gallery-exhibitions-officer-95.html
"Radiographer, Diagnostic",Holder Llc,"Jacobshire, Ap",https://realpython.github.io/fake-jobs/jobs/radiographer-diagnostic-96.html
Database Administrator,Yates-Ferguson,"Port Susan, Ae",https://realpython.github.io/fake-jobs/jobs/database-administrator-97.html
Furniture Designer,Ortega-Lawrence,"North Tiffany, Aa",https://realpython.github.io/fake-jobs/jobs/furniture-designer-98.html
Ship Broker,"Fuentes, Walls And Castro","Michelleville, Ap",https://realpython.github.io/fake-jobs/jobs/ship-broker-99.html
